cantonese,pronunciation,english,sentence,meaning,jyutping
我,ngo5,I; me; my,我知。,I know.,ngo5 zi1
你,nei5,You ,多謝你。,Thank you.,do2 ze6 nei5
佢,keoi5,He; She; It,佢係,He/She/It is.,keoi5 hai6
嘅,ge3,Possessive Marker. (Mine.Yours.His.Her's.it's),係我嘅,Its mine,hai6 ngo5 ge3
嘅,ge2,“Final Particle (asserting doubt)”,點解你冇嚟嘅？,Why didn't you come?,dim2 gaai2 nei5 mou5 lei4 ge2?
呀,aa3,“final particle: softener”,知呀!,I know,zi1 aa3
呀,aa1,(expressing surprise) ah; oh; ,呀！好痛呀！,Ouch! It hurts!,aa1! hou2 tung3 aa3.
咁,gam3,so (Cantonese),咁好呀!,So good!,gam3 hou2 aa3
咁,gam2,in this way (噉 is should be used instead),唔好咁!,Don't be like that!,m4 hou2 gam2
都,dou1,also. too,我都唔知,I also dont know.,ngo5 dou1 m4 zi1
都,dou1,all,佢哋都住喺美國 ,‘They all live in the States’.,keoi5 dei6 dou1 zyu6 hai2 mei5 gwok3
都,dou1,both (if two things are involved);,兩個都仲係細,‘Both of them are still young’.,loeng5 go3 dou1 zung6 hai6 sai3
都,dou1,even;,連細蚊仔都識啦,‘Even a kid knows this’.,lin4 sai3 man1 zai2 dou1 sik1 laa3
都,dou1,already,佢都走咗十日喇,‘She has already been away for ten days’.,keoi5 dou1 zau2 zo2 sap6 jat6 la1
就,zau6,to compromise; to give in to someone's demands,你唔好成日就佢.佢話要咩你都買。,Don't accommodate her all the time. and buy her everything she asks for.,nei5 m4 hou2 seng4 jat6 zau6 keoi5. keoi5 waa6 jiu3 me1 nei5 dou1 maai5.
就,zau6,almost,就得！,Almost done!,zau6 dak1
就,zau6,then,就問佢!,Then ask her!,zau6 man6 keoi5
呢,ni1,this,係咪呢本書?,Is it this book?,hai6 mai6 ni1 bun2 syu1?
呢,ne1,"final particle. for question. or ""how about""",冇呀妳呢？,no (I dont have any). do you?,mou5 aa3 nei5 ne1
係,hai6,to be; is; ,係喇!,It is! / Yes!,hai6 laa3
好,hou2,good,好唔好呀？,Is it good?,hou2 m4 hou2 aa3
好,hou3,to be fond of,好學,fond of learning,hou3 hok6
去,heoi3,to go; to leave;,去機場？,To the Airport?,heoi3 gei1 coeng4
唔,m4,not,唔係!,No it isn't!,m4 hai6
個,go3,a classifier,呢個.唔該。,This one. please.,ni1 go3 m4 goi1
喺,hai2,in; on; at,喺度！,Here! (short for 喺ni1度！),hai2 dou6
左,zo2,“variant form of 咗 (the perfective marker)”.,,,
左,zo2,left,轉左。,Turn left.,zyun3 zo2
有,jau5,to have; also slang for being rich,我有!,I have it!,ngo5 jau5
同,tung4,and; with; together;,同邊個去呀?,Go with who?,tung4 bin1 go3 heoi3 aa3
啦,laa1,(final particle) for request or reluctant acceptance,好啦!,Ok!,hou2 laa1
到,dou3,reach. arrive; go to. been to,到咗未呀？,Arrived yet?,dou3 zo2 aa3
到,dou2,verbal aspect particle to indicate completion or potential,接受唔到,cannot accept,zip3 sau6 m4 dou2
講,gong2,to speak; to explain; a speech; a lecture,講喇！,Say it!,gong2 laa1
咗,zo2,perfective particle,佢出咗去,He's gone out.,keoi5 ceot1 zo2 heoi3.
要,jiu3,need; demand; have to,要試？,wanna try?,jiu3 si3?
啲,di1,plural prefix,啲嘢放咗喺邊？,Where are the things put?,di1 je5 fong3 zo2 hai2 bin1?
啲,di1,"degree particle (""er"") ",唔該慢啲,slower please,m4 goi1 maan6 di1
既,ge3,variant form for 嘅,,,
話,waa6,[v] to say; to state; to speak,原來佢話⋯,Originally she said ...,jyun4 loi4 keoi5 waa6
話,waa2,[n] talk; speech; language,咩話？,What?,me1 waa2
可以,ho2 ji5,can. may. be allowed to,邊度可以買到？,Where can one buy this?,bin1 dou6 ho2 ji5 maai5 dou2?
呢個,ni1 go3,this,呢個？,this one?,ni1 go3?
喇,laa3,final particle (changing situation): now. already ,行喇！,Time to go.,haang4 laa3.
一個,jat1 go3,a. an. the. one.,每一個人,every person,mui5 jat1 go3 jan4
又,jau6,(once) again; also; ,又錯？,wrong again?,jau6 co3
又…又…,jau6....jau6,both... and...;,又平又靚,both cheap and fine in quality,jau6 peng4 jau6 leng3
會,wui5,will (do something),你一定會後悔。,You will definitely regret it.,nei5 jat1 ding6 wui5 hau6 fui3.
會,wui2,meeting; club,開緊會,having a meeting,hoi1 gan2 wui2
會,wui6,to meet,我想會一會佢。,I want to meet him.,ngo5 soeng2 wui6 jat1 wui6 keoi5.
架,gaa3,classifier for planes. large vehicles. radios etc (also an ending particle in place of 㗎),一架飛機,a plane,jat1 gaa3 fei1 gei1
架,gaa2,frame; rack; framework; ,衫架,hanger,saam1 gaa2
真係,zan1 hai6,really; very;,真係冇？,Really no / haven't?,zan1 hai6 mou5
唔係,m4 hai6,not be; am not; otherwise,唔係啦,No. not really.,m4 hai6 laa1.
自己,zi6 gei2,oneself; self,自己去囉,Go by yourself then,zi6 gei2 heoi3 lo1
咩,me1,[粵] question particle,有事咩？,Any matter?,jau5 si6 me1?
咩,me1,What?,咩事？,What's the matter?,me1 si6?
阿,aa3,an informal prefix for names; ,阿強,(aa) Keung (referencing a person named Keung),aa3 koeng4
阿,aa3,variant form of 呀,,,
而家,ji4 gaa1,粵 now; this moment,而家？,now?,ji4 gaa1
想,soeng2,to want; would like to,我想去。,I want to go.,ngo5 soeng2 heoi3
想,soeng2,to think; to consider,唔好講大話啦 . 我知道你在想什麼,stop lying . i know what you are thinking ,m4 hou2 gong2 daai6 waa2 la1 ngo5 zi1 dou6 nei5 zoi6 seung2 sap6 mo1
想,soeng2,to hope; to expect,我老闆想我今晚十點之前做完啲嘢,my boss expects me to finish the work by 10pm,ngo5 lou5 baan2 seung2 ngo5 gam1 maan5 sap6 dim2 zi1 cin4 zou6 jyun4 di1 je5
黎,lai4,(to come) can also be used in place of 嚟,黎呢度。,Come here,lai4 ne1 dou6 
黎,lai4,(surname);,黎明,Lai Ming,lai4 ming4
㗎,{gaa2 gaa3 gaa4},a sentence final particle,未㗎！,Not Yet!,mei6 gaa3
冇,mou5,not to have; there is not,冇介意。,I don't mind.,mou5 gaai3 ji3
唔好,m4 hou2,not good,唔好食,Taste not good.,m4 hou2 sik6
唔好,m4 hou2,dont,唔好呀！,no !,m4 hou2 a3
一,jat1,one; 1; single; ,一個(xyz),One (xyz),jat1 go3
一,jat1,a (article); as soon as; entire; whole; all; throughout?,我一搞掂就過嚟,as soon as i finish the work i will come round,ngo5 jat1 gaau2 dim3 zau6 gwo3 lai4
我哋,ngo5 dei6,粵 we,除非我聽日要加班.唔係我哋就聽日見 。,we will see each other tomorrow unless I have to work late.,ceoi4 fei1 ngo5 ting1 jat6 jiu3 gaa1 baan1 m4 hai6 ngo5 dei6 zau6 ting1 jat6 gin3
之後,zi1 hau6,afterwards;,之後呢 ?,afterwards ?,zi1 hau6 ne1
之後,zi1 hau6,after; behind,開封之後需要冷藏 ,Refrigerate after opening.,hoi1 fung1 zi1 hau6 seoi1 jiu3 laang5 cong4 
做,zou6,to do ,我冇嘢做,i have nothing to do,ngo5 mou5 je5 zou6
做,zou6,be ; act as ,做我女朋友吖？,Can you be my girlfriend?,zou6 ngo5 neoi5 pang4 jau5 a4
做,zou6,to have sex ( 做 this word alone doesnt mean ''to shag'' ? have to  pair with 愛 in order to have ''shag' this meaning ?  ) ,做愛,have sex,zou6 ngoi3
做,zou6,to fight ,,,
做,zou6,to kill ,做低佢,kill him/her,zou6 dai1 keoi5
做,zou6,to trick ,唔關我事.係佢做我,this has nothing to do with me . he/she tricked me ,m4 gwaan1 ngo5 si6 hai6 keoi5 zou6 ngo5
得,dak1,can,你得唔得？,Can you do it?,nei5 dak1 m4 dak1
得,dak1,to get,我得咗獎,I got a prize,ngo5 dak1 zo2 zoeng2
嘢,je5,1. thingy,佢哋畀咗啲錢我哋去買嘢食 ,They gave us some money to buy some food.,keoi5 dei6 bei2 zo2 di1 cin4  ngo5 dei6 heoi3 maai5 je5 sik6
嘢,je5,2. a person. a body part or other object which is not named directly but is often indicated by the classifier used ,你件嘢幾靚喎,your tshirt / girlfreind is quite pretty,nei5 gin6  je5 gei2 leng3  wo3
嘢,je5,3. a person (disrespectful) ,肥嘢,fat guy/girl,fei4 je5
嘢,je5,4. heroin,索嘢,take heroin,sok3 je5
先,sin1,early; ,佢都先過我,he/she arrived earlier than me,keoi5 dou1 sin1 gwo3 ngo5
先,sin1,prior; ,,,
先,sin1,first,我嚟先㗎！,I come here first!,ngo5 lai4 sin1 gaa2
先,sin1,in advance;,我先前訂咗枱,i reserved a book in advance,ngo5 sin1 cin4 ding3 zo2 toi4
先,sin1,former;,頭先嗰個,the former one,tau4 sin1 go2 go3
嚟,lai4,come,你幾點嚟啊？,When will you come?,nei5 gei2 dim2 lai4 aa3 
都係,dou1 hai6,also is,佢都係著黃色褲,she/he is also wearing yellow pants,keoi5 dou1 hai6 zyu3 wong4 sik1 fu3
果,gwo2,Can be used in place of 嗰 (that),門口喺果邊!,the entrance is at that side !,mun4 hau2 hai2 gwo2 bin1
果,gwo2,fruit; result;,咩結果？,What's the result?,me1 git3 gwo2
嘞,laak3,final particle ,啱嘞!,Correct!,aam1 laak3
人,jan4,human; person; people,僅一人缺席,Only one person is absent,gan2 jat1 jan4 kyut3 zik6
但,daan6,but; however; ,我冇咩錢 . 但我都會幫你。,I don't have that much money but I will try my best to help you,ngo5 mou5 me1 cin4 daan6 ngo5 dou1 wui5 bong1 nei5
已經,ji5 ging1,already,我已經寫明係七點鐘開始嘅。,I've already clearly put into writing that it starts at 7 o'clock.,ngo5 ji5 ging1 se2 ming4 hai6 cat1 dim2 zung1 hoi1 ci2 {ge3 ge2}
不過,bat1 gwo3,but; however,不過你睇唔到,but you cant see it ,bat1 gwo3 nei5 tai2 m4 dou3 
不過,bat1 gwo3,not over ,佢應該不過五十公斤,she/he shouldn't be over 50kg,keoi5 jing1goi1 bat1 gwo3 ng5 sap6 gung1 gan1
返,faan1 (faan2 occationally used lit),to go back;to return to,你幾時先返香港?,When will you go back to Hong Kong?,nei5 gei2  si4 sin1 faan1 hoeng1 gong2
搵,wan2 ,search; find; ,我實搵到佢,I must manage to find him,ngo5 sat6 wan2 dou3 keoi5
如果,jyu4 gwo2,if,如果件事穿咗就弊喇,It will be troublesome if the matter is known.,jyu4 gwo2 gin6  si6 cyun1 zo2 zau6 bai6 la1
下,haa6 ,underneath ; under,啲細路匿埋喺張枱下面,The kids are hiding under the table,di1 sai3 lou6 nei1 maai4 hai2 zoeng1 toi4 haa6 min6
下,haa6,next,我下個禮拜會開個Party ,i will hold a party next week,ngo5 haa6 go3 lai5 baai3 wui5  hoi1 partty
噉,gam2,in this way;like this,我真係唔明白佢點解噉做,I really don't understand why he acts/behaves like this,ngo5 zan1 hai6 m4 ming4 baak6 keoi5 dim2 gaai2 gam2 zou6 
喎,wo3 wo4,final particle for purpose of reminding,媽咪好似返咗嚟啦喎,Seems like Mum's back home!,maa1 mai6 hou2 ci5 faan1 zo2 lai4 la1 wo3
即-del?-,zik1,namely; that is; i.e.; ,,,
即,zik1,prompt; at once; at present; even if; prompted (by the occasion);,即刻到！,I will come immediately!,zik1 hak1 dou3
過,gwo3,to cross,啲細路唔識點樣過馬路,kids dont know how to cross the road,di1 sai3 lou6 m4 sik1 dim2 joeng6  gwo3 maa5 lou6
過,gwo3,over,佢過咗五十歲啦,she/he is over 50 year old,keoi5 gwo3 zo2 ng5 sap6 seoi3 la1
過,gwo3,pass ,佢啱啱走過我隔嚟,she/he just walked pass me,keoi5 aam1 aam1zau2 gwo3 ngo5 gaak3 lai4
過,gwo3,to transfer (funds. territory. allegiance).,過數,transfer money,gwo3 sou3
因為,jan1 wai6,because;due to,我因為超速俾人抄牌,I received a ticket because I was speeding,ngo5 jan1 wai6 ciu1 cuk1 bei2 jan4 caau1 paai4
所以,so2 ji5,so; therefore; hence; thus,佢好摺所以冇咪朋友,he doesn't socialise so he doesn't have many friends,keoi5 hou2  zip3 so2 ji5 mou5 mai1 pang4 jau5
叫,giu3,to call ; being called ,你可以叫我阿東,You can call me Ar Tung,nei5 ho2 ji5 giu3 ngo5 aa3 dung1
叫,giu3,be known as,蘇軾又叫東坡居士,Su Shi is also known as Dongpo Jushi,sou1 jau6 giu3 dung1 bo1 geoi1 si6
叫,giu3,to shout ; to scream,唔好叫咁大聲！,Don't shout loudly!,m4 hou2  giu3 gam3 daai6 seng1
叫,giu3,to tell ; to ask,係我叫佢咁做嘅,I'm the one that told her to do it,hai6 ngo5 giu3 keoi5 gam3 zou6 ge3
唔知,m4 zi1,do not know; not sure,我都唔知點收科,I don't know how to end this up,ngo5 dou1 m4 zi1 dim2 sau1 fo1
就係,zau6 hai6,exactly; ,就係咁做,exactly do it like this,zau6 hai6 gam3 zou6
就係,zau6 hai6,is,我最鐘意嘅台灣歌手就係盧廣仲,My favourite Taiwanese singer is Crowd Lu.,ngo5 zeoi3 zung1 ji3 ge3 toi4 waan1 go1 sau2 zau6 hai6 lou4 gwong2 zung6
住,zyu6,"(particle for continuous state) ""ing"" in an english context ",食住等啦！,eat first while waiting for (someone),
住,zyu6,to live; to dwell; to stay; to reside;,佢住喺隔籬 ,He lives next door,keoi5 zyu6 hai2 gaak3 lei4
住,zyu6,to stop,,,
好多,hou2 do1,a lot; much; many,我屋企好多嘢,I have a lot things at home,ngo5 uk1 kei5 hou2 do1 je5
再,zoi3,again; repeated,第日再傾啦,Let's chat again later,dai6 jat6 zoi3 king1 la1
睇,tai2,to watch; read; see,佢睇野好表面,He sees things very superficially,keoi5 tai2 je5 hou2 biu2 min6
覺得,gok3 dak1,to feel,我覺得好凍,I feel cold,ngo5 gok3 dak1 hou2  dung3
覺得,gok3 dak1,to think,我覺得呢件衫唔靚,I think this shirt is not fabulous,ngo5 gok3 dak1 ne1 gin6 saam1 m4 leng3 
囉,lo1,Particle for disagreement or changed mood.,我唔同意囉,I don't agree ,ngo5 m4 tung4 ji3 lo1
囉,lo1 lo4 lo3,repetitious,,,
俾,bei2,to give,俾啲提示啦,Please give me some hints,bei2 di1 tai4 si6 la1
事,si6,matter; affair;,呢件事同佢有關,He has something to do with this matter,ne1 gin6 si6 tung4 keoi5 jau5 gwaan1
事,si6,thing,識煮飯緊係件好事,It certainly is a good thing to be able to cook,sik1 zyu2 faan6 gan2 hai6 gin6 hou2 si6
事 ,si6,work; ,辦事,work,baan6 si6
點,dim2,How? ,郵局點去架,How can I get to the post office,jau4 guk6 dim2 heoi3 ga3
點,dim2,to dip,點啲豉油吖,Dip it in some soy sauce,dim2 di1 si6 jau4 a4
點,dim2,dot ( noun),在紙上畫一點,draw a dot on the paper,zoi6 zi2 soeng6 waak6  jat1 dim2
點,dim2,especially to give misleading advice. to cheat ,老點,give misleading advice,
點,dim2,to dot,點滴水上去,dot it with water,dim2 dik6 seoi2 soeng5 heoi3
好似,hou2 ci5,be like; be very similar,呢幅畫像畫得好似,This portrait is similar to the person whose it draws,ne1 fuk1 waa2 zoeng6 waa6 dak1 hou2 ci5
其實,kei4 sat6,actually; in fact,其實你一啲都唔肥吖,Actually you are not fat at all,kei4 sat6 nei5 jat1 di1 dou1 m4 fei4 a4
仲,zung6,still,人仔仲跌緊,The value of RMB is still falling,jan4 zai2  zung6 dit3 gan2
走,zau2,to run; ,火燭啊！走啊！,Fire! Run!,fo2 zuk1 aa3 zau2 aa3
走,zau2,to move (of vehicle); ,,,
走,zay2,to visit;,,,
走,zau2,to leave; to go away;,我要走喇,I have to leave now.,ngo5 jiu3 zau2 laa1
走,zau2,to die (euph.); ,佢琴日走咗,He/she died yesterday.,keoi5 kam4 jat6 zau2 zo2
走,zau2,away,快啲攊走條蟲呀！,Please take the worm away quickly!,faai3 di1 zau2 tiu4 cung4 a3
走,zau2,to change (shape. form. meaning),,,
啊,aa3 aa1 aa2 aa4,final particle,咩事啊？,What's the matter?,me1 si6 aa1
啊,aa3 ,interjection,今日好黑啊！,I am very unlucky today!,gam1 jat6 hou2 hak1 aa3
唔會,m4 wui5,no (for answering yes/no question),問: 你會唔會去搭巴士? 答: 唔會,Q: Are you taking the bus ? A: No,Question : nei5 wui5  m4 wui5 heoi2 daap3 baa1 si6  Answer: m4 wui5
唔會,m4 wui5,would not,佢話唔會嫁人喎。,She said that she won't get married.,keoi5 waa6 m4 wui5 ga3 jan4 wo1
唔會,m4 wui5,not willing,,,
幫,bong1,to help ,我儘量幫你, I will try my best to help you.,ngo5 zeon2 loeng6  bong1 nei5
幫,bong1,a gang. a traid society.,你咩幫派？,Which gang do you belong to?,nei5 me1 bong1 paai3
應該,jing1 goi1,ought to; should; must,你而家應該去溫書。,You should do revision now.,nei5 ji4 gaa1 jing1 goi1 heoi3  wan1 syu1
點解,dim2 gaai2,粵 why,,,
見到,gin3 dou3*2,see; have seen;,我好開心可以見到你。,,
見到,gin3 dou3,have met,我啱啱見到佢。,I have just met him/her.,ngo5 ngaam1 ngaam1 gin3 dou3 keoi5
吓,{haa2 haa5 haa1},particle (Cantonese),,,
公司,gung1 si1,a corporation; company,,,
屋企,uk1 kei5*2,粵 house. home,健治 返 咗 屋企 。,,
我地,ngo5 dei6,粵 we,我地班機幾點啊？,,
吖,aa1,final particle expressing consent ,,,
埋,maai4,[粵] move closer,,,
埋,maai4,bury; conceal;,埋咗條屍佢！,Bury the corpse!,maai4 zo2 tiu4 si1 keoi5
而,ji4,and; as well as; and so;,,,
但係,daan6 hai6,粵 but; however,,,
對,deoi3,couple; pair; ,,,
對,deoi3,to face; versus; ,中國對巴西,China versus Brazil,zung1 gwok3 deoi3 baa1 sai1
對,deoi3,to answer; to reply; ,對答得體,Answer appropriately,deoi3 daap3 dak1 tai2
朋友,朋友,friend,,,
個人,go3 jan4,individual; personal,,,
度,{dou6 dok6 dou2},to calculate,,,
度,dok6, to consider. to think ,等我度度得唔得先,Let me consider if this works,dang2 ngo5 dou6 dou6 dak1 m4 dak1 sin1
度,dok6,to ask someone for a loan,度住廿蚊嚟洗吓丫？,Borrow me twenty dollars to spend?,dok6 zyu6 jaa6 man1 lai4 sai2 haak3 aa1 ？
度,dou6,place; location,你住呢度？,Do you live in this place?,nei5 zyu6 ne1 dou6
諗,{nam2 sam2},to think; to consider,見到你頭先嘅樣.我諗你已經知道咗呢本唔係普通嘅筆記啦,,
咪,[1] mai1 [2] mai5[3] mai6 [4] mi4,Don't ,,,
大,daai6,1. big,佢哋住喺間好大嘅屋度。,,
大,daai6,2. senior. older. of the rank of boss. of the rank of leader in a traid society ,大佬,eldest brother,daai6 lou2
大,daai6,3. to challenge ,你大我呀？,Do you want to challenge me?,nei5 daai6 ngo5 aa1
知道,zi1 dou6*3,to know,,,
以,ji5,to use;,,,
將,①zoeng1 ②zoeng3,to be about to; ,,,
將,①zoeng1 ②zoeng3,general,將軍嚟喇！,The general is coming!,
條,{tiu4 },1. a classifier for long things eg. fish. hair. roads etc.,,,
今日,gam1 jat6,today,,,
晒,saai3,[粵]entirely; very much;,,,
時候,si4 hau6,(point in) time. moment,,,
唔到,m4 dou2,unable to,,,
幾,{gei2 gei1},how many; how much,,,
出,ceot1,to go out; to come out;,,,
問,man6,ask,,,
用,jung6,to use,,,
無,mou4,not to have;     ,,,
喂,wai3,"""(interjection) (of answering phone calls) hello""",,,
畀,bei2,to give to,,,
緊,gan2,"(""ing"") to infer the continuation of an action. e.g食緊嘢 eating",,,
正,{zing3 zing1 zeng3},Great. terrific ,,,
比,bei2,(particle used for comparison and -er than); ,,,
食,{sik6 zi6},1. to eat ,,,
成日,seng4 jat6,粵 whole day; all the time; frequently; always,,,
行,{hang4 haang4 hong4 hang6},[hàahng]to walk [hòhng]1. trade 2. a shop [hóng]trade; shop,,,
知,{zi1 zi3},to know; to be aware,,,
電話,din6 waa6*2,telephone; phone call; phone number,,,
香港,hoeng1 gong2,Hong Kong,,,
大家,daai6 gaa1,everybody,,,
間,①gaan1 ②gaan3,time or space; a measure word; among; between; separate,,,
佢哋,keoi5 dei6,粵 they; them,,,
打,{daa2 daa1},[dáa] to beat. to hit [dāa] a dozen,,,
一定,一定,surely; certainly; necessarily; definite,,,
聽,{ting1 ting3 teng1},to listen,,,
係咪,hai6 mai6/6*2,粵 to be or not to be,,,
可能,ho2 nang4,maybe; probably; possibly; able,,,
隻,zek3,classifier for birds and certain animals. one of a pair. some utensils. vessels etc,,,
哥,go1,elder brother,,,
嘛,ma4,(a modal particle),,,
樣,{joeng6 joeng6*2},manner; pattern; way; appearance; shape,,,
未,mei6,not yet. not,,,
上,{soeng6 soeng5},to go up [seuhng]above,,,
問題,man6 tai4,question; problem,,,
娜,[1] no4 [2] naa4,[1] graceful; slender [2] used in female names,,,
件,{gin6 gin6*2},item; component; classifier for events. things. clothes etc,,,
阿爸,a3 ba1*4,Abba (Aramaic word father); by ext. God the Father in Christian gospel),,,
有啲,jau5 di1,a little,,,
兩個,loeng5 go3,two; two items,,,
兩,{loeng5 loeng2},two,,,
佢地,keoi5 dei6,{they; them},,,
喺度,hai2 dou6,be here or there,,,
D,D,a discotheque. a disco,,,
乜,{mat1 me1 },what?; squint,,,
呢啲,ni1 di1,粵 these,,,
時間,si4 gaan1*3,(duration of) time; period,,,
入面,jap6 min6,inside. indoors,,,
嗰個,go2 go3,粵 that one,,,
錢,{cin4 cin4*2},coin; money; surname Qian,,,
嗰,go2,that,,,
邊,bin1,edge; nearby; border; side; [粵] which,,,
只係,zi2 hai6,粵 only,,,
都好,dou1 hou2,all good,,,
咁多,gam3 do1,粵 so much,,,
仔,{zai2 zi2},1. a son 2. a suffix used to describe something small 3. a boy. a kid 4. a boyfriend,,,
完,jyun4,[1] [v] complete; finish; bring to a conclusion [2] whole [3] [v] run out; use up [4] a Chinese family name,,,
見,{gin3 jin6},to see,,,
啫,ze1,merely. only. that's all,,,
拎,ling1,[粵] carry with one hand,,,
咋,{zaa3 zaa4 },gnaw; loud noise; shout; suddenly,,,
多,do1,many; much; a lot of; numerous; multi-,,,
哦,ngo4|o4|o6,oh (叹词. interjection); to chant,,,
為,{wai4 wai6},to do; to make; because of,,,
阿媽,a3 ma1,mother; nurse; amah; serving woman,,,
唔可以,m4 ho2 ji5,粵 cannot,,,
等,{dang2 ting3 ting2 dei6},class; rank; grade; equal to; same as; to wait for; to await; et cetera; and so on; et al. (and other authors); after; as soon as; once,,,
唔使,m4 sai2,粵 need not; unnecessary,,,
有冇,jau5 mou5,粵 is there? are there? have or not have?,,,
開始,hoi1 ci2,to start,,,
坐,{co5 zo6},[chóh]1.to sit 2. to sit with. especially a night-club hostess with a customer3 to go to prison. to serve time in jail [joh]to sit,,,
番,{faan1 pun1},deeds; foreign; classifier for repeated actions: time; surname Pan; place name,,,
買,maai5,buy,,,
由,jau4,cause. reason; from,,,
一齊,jat1 cai4,all together,,,
最,zeoi3,most; the most; -est,,,
聽到,teng1 dou3*2,hear; have heard,,,
乜嘢,mat1/mi1/me1 je5,粵 what,,,
仲有,zung6 jau5,still have [ variation of 重有]; even more,,,
向,hoeng3,turn; face toward,,,
野,je5,1. wild 2. illegitimate,,,
張,{zoeng1 },1. a classifier 2. ten years (used with numbers forty and over)■七張幾 [chāt jēung géi] over seventy years of age,,,
鍾意,zung1 ji3,粵 like; be fond of,,,
三,{saam1 saam3},three; 3,,,
我係,ngo5 hai6,粵 I am,,,
天,tin1,sky. heaven. nature. day,,,
入,jap6,1. to enter 2. to charge (with a crime),,,
嗱,naa4,to pick up. to take,,,
之前,zi1 cin4,before; in front of,,,
係呀,hai6 aa1,粵 correct; exactly; yeah,,,
都會,dou1 wui6/wui5,city; also be able to; fully be able to,,,
或者,waak6 ze2,or; perhaps; maybe; otherwise,,,
記得,gei3 dak1,to remember; to recall,,,
一樣,jat1 joeng6,the same,,,
請,{cing2 ceng2},request; invite; hire; employ,,,
其他,kei4 taa1,other; else,,,
搞,gaau2,carry on; set up (NO THINK),,,
連,lin4,surname Lian; even; as; join; to link; successively,,,
太,taai3,highest; greatest; too (much); very; extremely,,,
玩,{waan2 wun6},to play,,,
佢嘅,keoi5 ge3,粵 his. her. hers. its,,,
出嚟,ceot1 lei4/lai4,粵 to come out; to emerge,,,
油,jau4,oil; sly,,,
雖然,虽然,although; even though,,,
畀我,bei2 ngo5,粵 give me; let me,,,
亦都,#N/A,#N/A,,,
即刻,zik1 hak1,immediately; right away,,,
邊個,bin1 go3,粵 which; who,,,
成,[1] sing4 [2] seng4,[1] completed; finished; fixed [2] [粵] the entire; the whole,,,
突然,dat6 jin4,suddenly,,,
今晚,gam1 maan5/maan5*1,tonight,,,
㗎嘞,gaa3 laa3,gaa laa (ending particle),,,
姐,ze2,1. en elder sister 2. a young woman,,,
我嘅,ngo5 ge3,粵 my; mine,,,
帶,daai3 daai3*2,belt; band; bring,,,
落,{lok6 laai6},1. to go down 2. to have an abortion. to abort,,,
今次,gam1 ci3,粵 this time,,,
令,ling6,make or cause to be; order; command; decree; honorable,,,
當,{dong1 dong3},[dōng]1. to work as  2. to fill in a post [dong]1. to treat as  2. to pawn  3. to treat someone in a certain way (see 當臭四 dong chau sei),,,
班,baan1,team; class; squad; work shift; classifier for groups; ranking; surname Ban,,,
呢度,ni1 dou6,粵 here,,,
一次,jat1 ci3,[1] once. [2] the first. the first time,,,
快,faai3,quick; fast; hurry,,,
你哋,nei5 dei6,粵 you (plural),,,
份,fan6,part; share; portion; classifier for gifts. newspaper. magazine. papers. reports. contracts etc; copy;,,,
你地,#N/A,#N/A,,,
一陣,jat1 zan6/6*2,粵 soon; a moment; a while,,,
望住,mong6 zyu6,gazing; staring,,,
系,hai6,system; department,,,
開心,hoi1 sam1,happy,,,
陣,zan6,battle formation; period of time,,,
小姐,siu2 ze2,1. miss 2. a bar-girl. a nightclub hostess,,,
你嘅,nei5 ge3,粵 your; yours (singular),,,
一直,jat1 zik6,always; straight; continue,,,
蚊,{man1 man4},1. a mosquito 2. a dollar,,,
怕,paa3,fear; dread; afraid; scared,,,
第一,dai6 jat1,first,,,
睇下,tai2 haa5,粵 take a look; check sth. out,,,
頭先,tau4 sin1,粵 just now; a moment ago,,,
起,hei2,1. to build 2. to increase,,,
有人,jau5 jan4,someone; people; anyone; there is someone there; occupied (as in restroom),,,
快啲,faai3 di1,粵 faster,,,
佑,jau6,assist; protect; bless,,,
原來,jyun4 loi4,originally; actually; original,,,